0,1
20002859.jpg,5
10011157.jpg,5
10011996.jpg,5
10000364.jpg,5
20004294.jpg,3
20002017.jpg,3
10006381.jpg,3
20001991.jpg,4
20003325.jpg,5
10008216.jpg,5
10010128.jpg,5
10007237.jpg,5
20007050.jpg,3
10008160.jpg,4
20005712.jpg,5
20004684.jpg,4
20004424.jpg,3
10007855.jpg,4
10008924.jpg,4
20000352.jpg,4
10002038.jpg,4
10005845.jpg,4
20001750.jpg,4
10005378.jpg,2
20001621.jpg,5
10002227.jpg,3
20003061.jpg,4
10003547.jpg,5
20004056.jpg,4
10003620.jpg,4
10002035.jpg,5
10002984.jpg,3
10000127.jpg,4
10002560.jpg,5
10002518.jpg,5
20004613.jpg,4
10012341.jpg,5
20002972.jpg,3
20002351.jpg,5
10010651.jpg,5
10009920.jpg,4
20000870.jpg,5
10004477.jpg,3
10010644.jpg,4
10011443.jpg,3
20004950.jpg,1
10002678.jpg,4
10005864.jpg,4
10011101.jpg,5
10005836.jpg,5
20000839.jpg,5
20005346.jpg,5
20003767.jpg,4
20005505.jpg,1
10003995.jpg,4
20000584.jpg,4
20006739.jpg,5
20004702.jpg,5
20004642.jpg,2
10003429.jpg,4
20002812.jpg,5
10010986.jpg,3
10008029.jpg,4
10004934.jpg,5
10000106.jpg,5
20002120.jpg,4
20000570.jpg,5
10009803.jpg,4
10000225.jpg,4
10001026.jpg,4
20005307.jpg,4
20004567.jpg,5
10010642.jpg,3
20003009.jpg,3
10009279.jpg,4
20005381.jpg,5
10009033.jpg,5
10007196.jpg,2
10004692.jpg,5
10011821.jpg,5
20000400.jpg,4
20006869.jpg,5
10000409.jpg,3
20000782.jpg,3
10011776.jpg,5
10005201.jpg,5
10003430.jpg,3
20005936.jpg,5
20002046.jpg,4
10007155.jpg,5
10006996.jpg,4
20000934.jpg,5
10000715.jpg,4
10009617.jpg,3
20004379.jpg,4
20002757.jpg,5
20005638.jpg,3
20004658.jpg,4
10003231.jpg,4
20002678.jpg,4
10002158.jpg,4
20004225.jpg,5
10006863.jpg,3
20005532.jpg,0
20000324.jpg,4
10004560.jpg,4
10004457.jpg,5
20002836.jpg,4
20000655.jpg,3
20003628.jpg,5
10012072.jpg,5
10011152.jpg,4
10007496.jpg,2
10005271.jpg,3
10011693.jpg,4
20006542.jpg,5
20001548.jpg,5
20004704.jpg,5
20005647.jpg,2
10006490.jpg,5
10004697.jpg,3
20003261.jpg,5
20002429.jpg,4
20005979.jpg,4
10008022.jpg,5
20007070.jpg,5
10001402.jpg,4
10001271.jpg,3
10005802.jpg,5
20004921.jpg,4
10007596.jpg,4
10003009.jpg,2
10001351.jpg,4
10010874.jpg,5
20006013.jpg,5
20001783.jpg,5
10002829.jpg,4
10003859.jpg,3
20004217.jpg,5
20002339.jpg,4
20002874.jpg,4
10008033.jpg,4
10003935.jpg,4
10001017.jpg,3
10003465.jpg,4
10012013.jpg,4
20001507.jpg,5
10006370.jpg,3
10005512.jpg,4
10010540.jpg,4
20001619.jpg,5
20003288.jpg,5
20000134.jpg,2
20001812.jpg,5
10001735.jpg,3
10001010.jpg,4
20005297.jpg,5
10002525.jpg,3
20006435.jpg,3
10008715.jpg,1
20002401.jpg,4
10002505.jpg,5
20004247.jpg,4
10007612.jpg,4
20005715.jpg,3
10003497.jpg,5
20006538.jpg,5
10003385.jpg,5
10002089.jpg,4
10005671.jpg,5
20006637.jpg,4
20006769.jpg,5
10005738.jpg,5
10004303.jpg,5
10005246.jpg,4
20005120.jpg,4
10012312.jpg,4
20003287.jpg,5
20003244.jpg,2
10002453.jpg,4
10011174.jpg,3
20000560.jpg,1
20001927.jpg,5
10000920.jpg,5
20005543.jpg,4
20006161.jpg,5
10011277.jpg,2
10005152.jpg,3
20006044.jpg,5
10005430.jpg,4
20005059.jpg,3
10004048.jpg,5
10005095.jpg,2
10006336.jpg,4
10002630.jpg,3
10004466.jpg,4
10005921.jpg,5
20001627.jpg,5
10011165.jpg,4
10000254.jpg,4
10003119.jpg,4
10009560.jpg,5
20004123.jpg,4
10000084.jpg,3
20000539.jpg,3
20001312.jpg,3
10003595.jpg,4
20000046.jpg,4
20004096.jpg,5
20002195.jpg,4
20004518.jpg,4
10002703.jpg,5
20002780.jpg,5
10000326.jpg,4
10009823.jpg,5
20001295.jpg,4
20000730.jpg,5
20005888.jpg,4
20001535.jpg,5
20005894.jpg,5
10001056.jpg,4
10007290.jpg,4
10004066.jpg,4
20003456.jpg,5
10004468.jpg,5
20004707.jpg,3
10004075.jpg,3
20006872.jpg,5
10006480.jpg,3
20004347.jpg,5
10001813.jpg,3
10002918.jpg,5
10001191.jpg,5
20000070.jpg,4
20005317.jpg,5
20002391.jpg,3
10007105.jpg,4
20002427.jpg,3
10006351.jpg,2
20001731.jpg,5
20005403.jpg,5
10008414.jpg,5
10011961.jpg,5
10010731.jpg,5
20002035.jpg,3
10008928.jpg,5
10009735.jpg,5
10004424.jpg,4
10005010.jpg,5
10001413.jpg,4
10006182.jpg,4
10001011.jpg,4
20002214.jpg,4
20006402.jpg,5
10009844.jpg,5
20001210.jpg,5
20003211.jpg,5
20002830.jpg,5
10012268.jpg,5
10012255.jpg,4
20004864.jpg,3
20000178.jpg,5
10001498.jpg,4
10000960.jpg,4
10011373.jpg,4
10009598.jpg,3
20006102.jpg,3
10011407.jpg,4
20002548.jpg,5
10008652.jpg,3
20002003.jpg,4
10001537.jpg,4
20001641.jpg,5
10001905.jpg,3
20005688.jpg,4
20004136.jpg,4
20006433.jpg,4
10008002.jpg,5
20002153.jpg,5
10001776.jpg,4
10008168.jpg,3
20004890.jpg,5
20005708.jpg,5
20005701.jpg,4
10001466.jpg,5
10003527.jpg,4
20004115.jpg,4
20004997.jpg,5
10003555.jpg,2
10008992.jpg,5
10012056.jpg,3
20000133.jpg,5
10005335.jpg,5
20006678.jpg,3
10001856.jpg,2
20006211.jpg,2
10007377.jpg,4
10002099.jpg,4
10004421.jpg,5
10004130.jpg,5
20003557.jpg,2
20006865.jpg,2
20004746.jpg,4
10006607.jpg,3
10000083.jpg,4
20004203.jpg,5
20000150.jpg,1
20006912.jpg,4
20004327.jpg,4
20000734.jpg,4
20006848.jpg,3
20001283.jpg,4
10008315.jpg,5
20006169.jpg,5
10001019.jpg,4
10003480.jpg,5
10003324.jpg,4
10007169.jpg,5
20004726.jpg,5
20001905.jpg,2
10004708.jpg,5
20006226.jpg,4
20001872.jpg,4
10008847.jpg,3
10010350.jpg,4
10012117.jpg,4
10005173.jpg,5
10000900.jpg,3
20006511.jpg,5
10009063.jpg,5
10012394.jpg,5
10009299.jpg,3
20001542.jpg,4
10006727.jpg,4
10006264.jpg,4
10002751.jpg,4
10010290.jpg,5
10004357.jpg,5
20006406.jpg,5
20000279.jpg,2
10005724.jpg,2
20004581.jpg,3
20006945.jpg,4
10002804.jpg,5
10003141.jpg,4
20003858.jpg,5
20003149.jpg,4
20004271.jpg,2
20006048.jpg,4
10003699.jpg,5
10011918.jpg,5
10011753.jpg,4
10008782.jpg,4
10010643.jpg,4
20005670.jpg,5
20003684.jpg,1
20001054.jpg,5
10004408.jpg,5
20004268.jpg,4
20000910.jpg,3
20001364.jpg,4
20001670.jpg,4
10007964.jpg,4
10010176.jpg,3
20005929.jpg,4
20005751.jpg,3
20005789.jpg,3
10001793.jpg,5
20006972.jpg,5
10009470.jpg,5
20006579.jpg,5
10008736.jpg,5
20005886.jpg,3
10010060.jpg,5
20001829.jpg,4
20005047.jpg,5
20000375.jpg,3
20005656.jpg,3
10010126.jpg,5
20003226.jpg,5
10004675.jpg,5
10001762.jpg,5
20000864.jpg,2
10006931.jpg,4
10009994.jpg,4
10002351.jpg,5
10002420.jpg,5
10002119.jpg,3
20001099.jpg,4
20001361.jpg,4
20005993.jpg,5
20005733.jpg,5
20000407.jpg,4
20001612.jpg,3
10003206.jpg,3
20002561.jpg,4
10006621.jpg,4
20002136.jpg,4
20003015.jpg,5
20000114.jpg,4
20006767.jpg,3
10002110.jpg,4
10007720.jpg,4
20002916.jpg,2
20006178.jpg,3
10011408.jpg,1
20004078.jpg,4
10005709.jpg,4
20004755.jpg,4
20006275.jpg,3
10007662.jpg,4
10007510.jpg,3
10012352.jpg,5
20003971.jpg,5
20001688.jpg,5
10007210.jpg,4
10003409.jpg,5
10001575.jpg,3
10001097.jpg,4
10003159.jpg,1
10000468.jpg,5
20003788.jpg,4
20001133.jpg,4
10005699.jpg,5
10010669.jpg,4
10003295.jpg,5
10005328.jpg,3
20003566.jpg,5
20004778.jpg,5
10012293.jpg,5
20004883.jpg,5
20002762.jpg,3
20004368.jpg,4
20002774.jpg,5
20003768.jpg,5
20002905.jpg,4
10000188.jpg,4
20006091.jpg,4
20006630.jpg,2
20000891.jpg,4
10006439.jpg,4
20000764.jpg,5
20005878.jpg,5
10011659.jpg,3
20002914.jpg,5
10001224.jpg,4
20003789.jpg,5
10006101.jpg,5
10004846.jpg,4
10006496.jpg,5
10005139.jpg,5
10012150.jpg,3
20003963.jpg,3
10007245.jpg,4
20003177.jpg,4
10002486.jpg,4
10001369.jpg,4
20003530.jpg,5
20004474.jpg,3
20005702.jpg,5
10004155.jpg,3
20000252.jpg,4
20003813.jpg,2
20000977.jpg,3
10010560.jpg,5
10008324.jpg,4
10002372.jpg,4
20006449.jpg,2
10004721.jpg,4
10009252.jpg,1
20001331.jpg,4
10000019.jpg,4
10009117.jpg,4
10003983.jpg,4
20000738.jpg,2
10012357.jpg,4
10002995.jpg,3
20000642.jpg,5
20006863.jpg,3
10000515.jpg,5
20005419.jpg,4
10006239.jpg,4
10006123.jpg,3
10009557.jpg,5
20000169.jpg,5
20000525.jpg,4
10000403.jpg,4
10006942.jpg,5
10004862.jpg,5
10004032.jpg,3
20001440.jpg,5
10002478.jpg,4
20001281.jpg,4
10007997.jpg,5
10004539.jpg,4
20002270.jpg,4
20003263.jpg,4
10002944.jpg,2
20006524.jpg,4
10004486.jpg,4
10000291.jpg,5
20005618.jpg,5
10007044.jpg,2
20006335.jpg,2
20004034.jpg,4
20002419.jpg,4
10012148.jpg,5
10008684.jpg,5
10002347.jpg,4
20005576.jpg,4
20006905.jpg,3
10008566.jpg,4
20004720.jpg,4
10001177.jpg,3
20005763.jpg,2
20000508.jpg,4
20003274.jpg,4
20000616.jpg,4
10007374.jpg,5
10004092.jpg,5
20004434.jpg,5
10007320.jpg,3
20001018.jpg,4
10006000.jpg,3
10006745.jpg,5
10001571.jpg,3
10011682.jpg,5
20003464.jpg,5
10002724.jpg,5
10005377.jpg,5
20007037.jpg,5
20001696.jpg,4
20004618.jpg,5
20004230.jpg,4
20005577.jpg,5
20003419.jpg,4
20000270.jpg,4
10006563.jpg,4
20003560.jpg,3
20005368.jpg,4
10007639.jpg,4
10002545.jpg,4
20005260.jpg,4
10007702.jpg,4
10008296.jpg,0
20002368.jpg,2
10004719.jpg,5
10002274.jpg,5
10006789.jpg,4
10007120.jpg,2
10003048.jpg,5
20000326.jpg,5
20005730.jpg,5
20005976.jpg,5
10003731.jpg,3
10002895.jpg,5
10005077.jpg,4
10009674.jpg,4
10009890.jpg,5
20001037.jpg,4
20003027.jpg,5
20001891.jpg,5
10008464.jpg,4
10000348.jpg,5
10002813.jpg,4
10008902.jpg,2
20003880.jpg,5
10009581.jpg,2
10012351.jpg,4
10004033.jpg,4
20004053.jpg,5
20003710.jpg,2
20001753.jpg,5
20000470.jpg,3
20004608.jpg,3
20004222.jpg,5
20006724.jpg,5
10004254.jpg,4
20002672.jpg,5
10012063.jpg,2
20001349.jpg,4
20005484.jpg,4
10001246.jpg,4
20004711.jpg,2
20002184.jpg,5
20005236.jpg,4
10002046.jpg,4
10007769.jpg,4
20000675.jpg,2
20000650.jpg,4
10004058.jpg,5
10005785.jpg,4
10011143.jpg,5
20000430.jpg,5
10005203.jpg,3
20001053.jpg,2
20001637.jpg,3
10008269.jpg,5
20002997.jpg,4
20005606.jpg,5
20000824.jpg,5
20002277.jpg,5
10010865.jpg,5
20000763.jpg,5
10011426.jpg,3
20006145.jpg,5
10004288.jpg,5
20006064.jpg,5
10005666.jpg,5
20000117.jpg,2
20004515.jpg,4
20000461.jpg,4
20001630.jpg,1
10001614.jpg,5
10000750.jpg,4
20004163.jpg,3
20004644.jpg,5
20005074.jpg,5
20004826.jpg,5
20000384.jpg,4
10006873.jpg,4
20001262.jpg,5
20002963.jpg,2
10007841.jpg,3
10009843.jpg,4
20003427.jpg,3
10009538.jpg,3
20006702.jpg,4
10000880.jpg,1
20001806.jpg,4
10006811.jpg,3
20006373.jpg,5
20001519.jpg,4
20005551.jpg,4
10003233.jpg,4
10009987.jpg,5
10008614.jpg,4
20003844.jpg,4
20004812.jpg,5
20006010.jpg,4
20001104.jpg,5
10000233.jpg,4
10004105.jpg,4
20002005.jpg,4
20000364.jpg,5
10003284.jpg,4
10002613.jpg,5
20000376.jpg,4
10006099.jpg,2
20000100.jpg,4
10000104.jpg,5
10007213.jpg,5
20002586.jpg,2
10004599.jpg,4
10011785.jpg,3
20000563.jpg,5
10009514.jpg,2
20006451.jpg,4
20003306.jpg,5
20003310.jpg,3
10008118.jpg,5
10011825.jpg,5
20004587.jpg,1
10009224.jpg,4
10004713.jpg,4
20006027.jpg,4
10004300.jpg,5
20002176.jpg,4
20005773.jpg,4
10005522.jpg,4
10000373.jpg,5
10008657.jpg,4
20005950.jpg,5
20004622.jpg,2
20001438.jpg,2
20006618.jpg,3
20004229.jpg,5
20006325.jpg,4
20006951.jpg,4
20000503.jpg,5
20004343.jpg,4
20002607.jpg,4
20001669.jpg,4
20005709.jpg,5
20004313.jpg,4
10005985.jpg,5
20003689.jpg,4
20005214.jpg,4
10002858.jpg,5
20003925.jpg,4
20003629.jpg,3
10009269.jpg,5
20000347.jpg,4
10004607.jpg,3
20005461.jpg,3
20006391.jpg,4
10009179.jpg,5
20004084.jpg,4
10010755.jpg,4
20002688.jpg,4
20003998.jpg,4
20004049.jpg,5
10001468.jpg,5
10004507.jpg,4
10007719.jpg,4
20001401.jpg,4
10002266.jpg,2
10008253.jpg,5
10010513.jpg,4
10006357.jpg,2
20002578.jpg,5
10004131.jpg,3
10008518.jpg,4
10012306.jpg,4
20002418.jpg,4
10005292.jpg,5
20003167.jpg,4
20006419.jpg,5
20001801.jpg,5
20002128.jpg,4
10003443.jpg,5
10010301.jpg,4
20005607.jpg,5
10006798.jpg,4
20001389.jpg,4
10002650.jpg,4
20005907.jpg,4
20002814.jpg,5
20005913.jpg,2
10010184.jpg,5
20001818.jpg,5
20005322.jpg,5
10003846.jpg,4
10006696.jpg,4
10007945.jpg,5
10002043.jpg,4
10009702.jpg,4
10007787.jpg,5
10004510.jpg,4
20005153.jpg,5
10009525.jpg,3
20000076.jpg,5
20006471.jpg,4
10007037.jpg,5
10010690.jpg,3
20001252.jpg,4
10009707.jpg,4
20002522.jpg,5
20006338.jpg,5
10009128.jpg,4
10003111.jpg,5
10007686.jpg,5
10003479.jpg,5
10005433.jpg,5
10006294.jpg,4
20006380.jpg,5
20002426.jpg,5
20003267.jpg,5
10006796.jpg,2
10007485.jpg,4
20003182.jpg,5
10007233.jpg,4
20000113.jpg,5
10007527.jpg,3
10002276.jpg,5
10010496.jpg,4
10008442.jpg,5
20002629.jpg,4
10008170.jpg,5
20005078.jpg,3
10007640.jpg,4
10005036.jpg,5
20004898.jpg,4
20005622.jpg,5
10006160.jpg,5
20001693.jpg,4
20003541.jpg,5
10001387.jpg,4
10007817.jpg,5
10003570.jpg,5
10005366.jpg,2
20006807.jpg,4
10003517.jpg,2
10001016.jpg,5
20006282.jpg,5
20002200.jpg,4
20003467.jpg,5
20002875.jpg,5
10007521.jpg,5
10004835.jpg,5
10012016.jpg,3
10008714.jpg,4
10009456.jpg,5
20005302.jpg,4
10003325.jpg,4
20002355.jpg,3
10006784.jpg,5
10010857.jpg,4
20005194.jpg,5
20006578.jpg,3
10004914.jpg,5
10011118.jpg,4
20000867.jpg,5
20001617.jpg,5
10000060.jpg,3
20006050.jpg,4
10006542.jpg,4
10011286.jpg,4
20000448.jpg,5
20001294.jpg,5
20002842.jpg,3
10006897.jpg,2
20003977.jpg,4
20005007.jpg,2
10009380.jpg,4
20000189.jpg,4
10001048.jpg,3
10005468.jpg,5
20006330.jpg,2
20001320.jpg,5
10000903.jpg,5
20003777.jpg,4
10001209.jpg,5
10008913.jpg,4
20001945.jpg,5
20003522.jpg,3
10006029.jpg,4
20004227.jpg,2
20001335.jpg,5
10005953.jpg,5
20006910.jpg,3
20000200.jpg,2
20004729.jpg,4
20007034.jpg,3
20006644.jpg,3
10002723.jpg,4
20006483.jpg,4
10005204.jpg,5
10007353.jpg,3
10011436.jpg,3
20006194.jpg,4
10001371.jpg,5
10006053.jpg,1
10006516.jpg,5
20005953.jpg,5
10006375.jpg,5
10004148.jpg,5
20004325.jpg,4
20003930.jpg,5
10005419.jpg,0
10005912.jpg,4
20001040.jpg,1
10002702.jpg,5
10009584.jpg,3
10003754.jpg,5
10006179.jpg,4
10008956.jpg,4
10001962.jpg,4
10012328.jpg,5
10011561.jpg,5
20000935.jpg,3
20003828.jpg,3
20007039.jpg,3
20000631.jpg,5
10010641.jpg,5
20006756.jpg,5
10004967.jpg,4
10001760.jpg,5
10001208.jpg,4
10011980.jpg,5
20000796.jpg,3
20000852.jpg,3
10011184.jpg,4
20004300.jpg,5
10009036.jpg,2
20002482.jpg,3
20002746.jpg,4
10005291.jpg,5
20004409.jpg,5
20006492.jpg,2
20000002.jpg,5
20004612.jpg,3
20002588.jpg,3
20002261.jpg,4
20004152.jpg,4
10000057.jpg,5
10003818.jpg,4
20003833.jpg,4
10006661.jpg,3
20003881.jpg,5
10000826.jpg,4
10009727.jpg,2
20004822.jpg,5
10011074.jpg,4
20002936.jpg,5
10004615.jpg,5
10007575.jpg,4
20002473.jpg,3
20000244.jpg,4
10002840.jpg,5
10001047.jpg,4
20003956.jpg,2
10007908.jpg,5
10002469.jpg,4
20004479.jpg,4
20005036.jpg,4
10009846.jpg,5
10006142.jpg,5
20000651.jpg,2
20003441.jpg,4
10009205.jpg,4
10007357.jpg,4
20002047.jpg,3
20002538.jpg,2
20005104.jpg,4
10004922.jpg,5
20003523.jpg,4
10000704.jpg,4
20006791.jpg,3
10001175.jpg,5
10007031.jpg,3
20004238.jpg,5
10001078.jpg,4
20000826.jpg,5
20004937.jpg,4
10002440.jpg,5
20004966.jpg,5
20006156.jpg,3
10010905.jpg,5
10009740.jpg,5
20001270.jpg,4
20005799.jpg,4
10000622.jpg,5
10011166.jpg,5
20006359.jpg,4
20002811.jpg,4
20002798.jpg,5
20001511.jpg,1
20006981.jpg,5
10010924.jpg,3
20005362.jpg,4
20004072.jpg,4
20000859.jpg,2
20004550.jpg,5
20001480.jpg,5
10006554.jpg,4
20006191.jpg,5
10005531.jpg,4
10011379.jpg,4
20006793.jpg,4
20002799.jpg,4
10007215.jpg,4
20004970.jpg,5
10007776.jpg,5
20003078.jpg,4
20002716.jpg,2
10009400.jpg,2
20005044.jpg,5
10000205.jpg,4
20005717.jpg,5
20000939.jpg,5
10003221.jpg,4
20005396.jpg,5
10006126.jpg,1
20004537.jpg,4
20002089.jpg,4
20006460.jpg,3
20006287.jpg,3
10004622.jpg,1
10003625.jpg,5
20005376.jpg,4
20003241.jpg,5
10004789.jpg,5
20002643.jpg,4
20002803.jpg,5
20001163.jpg,5
20002648.jpg,3
20002549.jpg,4
20000369.jpg,4
10004629.jpg,5
10000777.jpg,4
20000484.jpg,5
10009608.jpg,0
20002676.jpg,4
20006401.jpg,4
20000988.jpg,5
20001194.jpg,3
20000436.jpg,3
10009259.jpg,1
10008372.jpg,5
10004296.jpg,4
10008444.jpg,5
10004203.jpg,4
10005689.jpg,4
20004413.jpg,3
10011100.jpg,5
10012362.jpg,2
10004802.jpg,5
10000598.jpg,4
20001840.jpg,5
20004190.jpg,5
10001370.jpg,5
20004411.jpg,4
20006821.jpg,5
20003850.jpg,5
10006860.jpg,4
20004738.jpg,5
10007198.jpg,3
20005197.jpg,5
20003480.jpg,3
10004790.jpg,4
10003033.jpg,4
10008404.jpg,5
10011878.jpg,5
10011173.jpg,1
20002328.jpg,5
20005848.jpg,3
20002773.jpg,5
20002403.jpg,2
10011673.jpg,5
20001411.jpg,5
10006341.jpg,2
10007632.jpg,4
20005448.jpg,4
10006003.jpg,4
20002220.jpg,2
20006752.jpg,3
20006558.jpg,4
10006584.jpg,3
10011096.jpg,4
10000593.jpg,4
20000880.jpg,5
20004965.jpg,5
10009459.jpg,5
10009046.jpg,5
10001950.jpg,4
20004777.jpg,4
10003604.jpg,3
10005079.jpg,5
10005453.jpg,3
20003543.jpg,4
20006245.jpg,5
20002287.jpg,2
20001930.jpg,4
20006953.jpg,5
10011851.jpg,5
10004828.jpg,4
10000753.jpg,5
10000985.jpg,4
20000792.jpg,4
20006208.jpg,4
10011874.jpg,3
10001852.jpg,5
20000106.jpg,5
20005294.jpg,3
20001169.jpg,5
20003888.jpg,4
10007346.jpg,4
10011484.jpg,2
20006673.jpg,5
20001620.jpg,4
20002293.jpg,4
10010331.jpg,3
10007177.jpg,3
20003923.jpg,5
20006087.jpg,5
10007842.jpg,5
20005211.jpg,5
20005605.jpg,5
10006924.jpg,3
10001681.jpg,4
10004592.jpg,4
10000402.jpg,5
10003875.jpg,5
10011355.jpg,4
10003204.jpg,4
10005178.jpg,4
10001945.jpg,4
10001549.jpg,4
10011958.jpg,4
10010913.jpg,4
10009686.jpg,5
20003729.jpg,2
20004487.jpg,5
10004839.jpg,3
20004795.jpg,4
10010211.jpg,4
10010463.jpg,5
10008087.jpg,2
20002881.jpg,4
20005238.jpg,4
20006267.jpg,5
10002778.jpg,3
10011178.jpg,4
10006669.jpg,2
20000339.jpg,2
10006388.jpg,4
20005721.jpg,4
10010372.jpg,4
20002285.jpg,3
10002361.jpg,4
20005339.jpg,4
20006723.jpg,4
10003534.jpg,5
10008617.jpg,5
10003847.jpg,4
10011908.jpg,3
10002654.jpg,4
10006906.jpg,3
10001825.jpg,4
20003843.jpg,4
10000421.jpg,4
10000592.jpg,5
20002545.jpg,5
20001785.jpg,4
10001855.jpg,4
10002897.jpg,4
20003216.jpg,4
10006946.jpg,5
10009761.jpg,5
10010904.jpg,5
20006384.jpg,3
10008821.jpg,2
20004844.jpg,3
10006259.jpg,4
20006691.jpg,4
20004773.jpg,5
10009358.jpg,4
20005468.jpg,3
10010974.jpg,4
10004052.jpg,4
20000455.jpg,4
10011107.jpg,5
20007079.jpg,4
20003657.jpg,2
10010039.jpg,3
10006558.jpg,4
20005451.jpg,5
10000864.jpg,5
20006942.jpg,4
20004286.jpg,4
10007768.jpg,4
20001049.jpg,5
10003680.jpg,4
10006110.jpg,5
10009241.jpg,3
10010476.jpg,3
20007099.jpg,3
20003348.jpg,4
20001609.jpg,4
20006591.jpg,3
10002378.jpg,4
10000413.jpg,4
20002063.jpg,4
20004022.jpg,4
20002105.jpg,4
20004357.jpg,5
10010424.jpg,5
20000533.jpg,5
10002496.jpg,4
10002009.jpg,3
10007275.jpg,4
10008811.jpg,5
10005957.jpg,5
20005162.jpg,5
20001192.jpg,5
20003778.jpg,5
10002776.jpg,5
20001816.jpg,5
20003757.jpg,4
10000268.jpg,4
10007280.jpg,2
10011581.jpg,4
10002691.jpg,5
10005452.jpg,5
20000235.jpg,5
20004641.jpg,2
10000786.jpg,4
20002462.jpg,4
20001909.jpg,1
10001381.jpg,4
20005660.jpg,3
10003271.jpg,4
10001174.jpg,2
20000054.jpg,4
20000741.jpg,3
20004248.jpg,3
10010848.jpg,5
20001395.jpg,4
20003846.jpg,2
20004324.jpg,4
10002818.jpg,5
10011449.jpg,5
20004646.jpg,3
10002062.jpg,3
10003521.jpg,4
20006948.jpg,4
10006192.jpg,4
20003893.jpg,4
10008060.jpg,2
20000443.jpg,3
10008048.jpg,5
20005774.jpg,5
10004806.jpg,5
20002861.jpg,3
10006605.jpg,5
10006884.jpg,2
10004484.jpg,5
20005068.jpg,5
10006063.jpg,5
10005577.jpg,5
10012037.jpg,5
10008423.jpg,5
20005369.jpg,4
10002842.jpg,5
10009807.jpg,2
20004753.jpg,3
20003672.jpg,4
20005575.jpg,3
20000991.jpg,5
10007738.jpg,4
20001024.jpg,4
20005668.jpg,5
20002162.jpg,5
20005402.jpg,2
20003453.jpg,5
20002446.jpg,3
10006635.jpg,5
10008441.jpg,4
10005488.jpg,5
10002572.jpg,5
10001551.jpg,5
10009177.jpg,4
10011002.jpg,4
20000911.jpg,5
20005431.jpg,5
10005114.jpg,3
20007066.jpg,3
10000008.jpg,3
10008571.jpg,5
10007650.jpg,5
10004339.jpg,3
10008090.jpg,4
20003370.jpg,5
10009076.jpg,4
20002850.jpg,2
10004211.jpg,4
10011301.jpg,4
10007838.jpg,3
20003235.jpg,5
10002060.jpg,2
10004691.jpg,5
20005345.jpg,4
20004842.jpg,5
20003439.jpg,5
20006199.jpg,4
10003631.jpg,5
20003984.jpg,5
10004309.jpg,4
20006737.jpg,5
10009098.jpg,3
10003424.jpg,3
20000784.jpg,3
10008286.jpg,5
10003606.jpg,3
10007780.jpg,3
20002590.jpg,2
10011168.jpg,5
20000697.jpg,3
10012050.jpg,5
20005788.jpg,5
10005105.jpg,3
10010281.jpg,4
10006503.jpg,1
10009611.jpg,5
20001348.jpg,5
20000243.jpg,4
20005875.jpg,3
20001191.jpg,5
20002633.jpg,4
20002093.jpg,3
20000209.jpg,3
10001594.jpg,2
10011392.jpg,4
20004602.jpg,5
20005454.jpg,5
10004189.jpg,4
20000668.jpg,5
10005172.jpg,5
10003392.jpg,5
20000480.jpg,5
10003726.jpg,4
20000259.jpg,5
10003734.jpg,3
10004388.jpg,5
20005891.jpg,2
10005357.jpg,4
10010505.jpg,4
10001217.jpg,3
10000155.jpg,5
10011330.jpg,4
10012316.jpg,4
10006722.jpg,2
10010045.jpg,3
20000296.jpg,5
20006147.jpg,4
10002809.jpg,4
10002634.jpg,4
10002434.jpg,2
10010882.jpg,4
20000561.jpg,5
10003089.jpg,5
10003304.jpg,2
10011810.jpg,3
10002103.jpg,3
10008123.jpg,4
10002883.jpg,4
20007112.jpg,5
10011360.jpg,4
10007544.jpg,5
10002729.jpg,5
20000184.jpg,4
10006437.jpg,5
10005080.jpg,2
10005393.jpg,3
20001257.jpg,4
20005335.jpg,4
20003491.jpg,4
10010637.jpg,4
10010094.jpg,5
10008308.jpg,4
10007750.jpg,4
20003535.jpg,5
20003970.jpg,3
10004445.jpg,2
10011839.jpg,4
10003809.jpg,3
10002394.jpg,3
10005030.jpg,5
10010002.jpg,5
20003144.jpg,4
10011937.jpg,4
20003635.jpg,5
20000476.jpg,5
10001276.jpg,5
20006344.jpg,2
20001487.jpg,5
20004047.jpg,5
20002818.jpg,2
10004550.jpg,5
10010341.jpg,4
20004586.jpg,5
10005712.jpg,5
10009057.jpg,4
20005635.jpg,5
10001563.jpg,5
10002698.jpg,5
10005697.jpg,4
10005282.jpg,4
10000792.jpg,5
10011209.jpg,3
10000234.jpg,3
20001977.jpg,2
10007257.jpg,4
10001643.jpg,5
10005547.jpg,3
20004535.jpg,4
20005096.jpg,5
10006083.jpg,2
20003529.jpg,5
20003686.jpg,4
20005399.jpg,4
20004828.jpg,5
10004034.jpg,3
10000626.jpg,5
20002183.jpg,5
20000064.jpg,5
10004077.jpg,2
10002367.jpg,3
10007456.jpg,4
10005542.jpg,5
10012295.jpg,5
20004814.jpg,5
10005877.jpg,5
10006199.jpg,4
10007623.jpg,4
10003358.jpg,5
10010683.jpg,3
10011120.jpg,4
10012315.jpg,3
20002880.jpg,2
20003352.jpg,5
20003223.jpg,4
10010345.jpg,4
10002137.jpg,5
10003913.jpg,2
10003156.jpg,4
10011108.jpg,4
10001810.jpg,3
10005500.jpg,4
10005972.jpg,4
20002913.jpg,4
10001280.jpg,3
10000637.jpg,5
20006799.jpg,5
10002855.jpg,4
20001302.jpg,4
20006307.jpg,4
10011461.jpg,5
10011965.jpg,4
10008612.jpg,3
20006614.jpg,2
10002494.jpg,5
20001692.jpg,4
20004869.jpg,5
10010984.jpg,5
10006867.jpg,3
10009457.jpg,5
20003884.jpg,4
10004548.jpg,4
20001219.jpg,5
10006838.jpg,3
10000933.jpg,4
20002145.jpg,4
20001847.jpg,5
20001305.jpg,4
10007993.jpg,5
10001828.jpg,4
10007722.jpg,2
20002262.jpg,5
20005764.jpg,5
10008627.jpg,4
10004843.jpg,4
10001925.jpg,5
20004744.jpg,2
20006970.jpg,1
20006546.jpg,3
20005781.jpg,5
10001132.jpg,5
10004200.jpg,4
20006617.jpg,4
10008434.jpg,4
10001119.jpg,4
20001632.jpg,4
20002494.jpg,4
20004885.jpg,4
20004201.jpg,5
10009373.jpg,5
10007467.jpg,5
20002056.jpg,5
20006068.jpg,4
20001854.jpg,5
20000704.jpg,4
10002435.jpg,3
10011975.jpg,5
20002544.jpg,1
20007107.jpg,5
10008739.jpg,5
10007716.jpg,4
20005752.jpg,4
10009530.jpg,5
20003358.jpg,5
20003033.jpg,4
20000028.jpg,5
10000372.jpg,4
20004685.jpg,5
10000717.jpg,3
20005288.jpg,3
10011914.jpg,4
10011127.jpg,5
20006438.jpg,5
20004818.jpg,5
20001356.jpg,3
10005702.jpg,3
10011752.jpg,3
10012326.jpg,4
10009757.jpg,3
10000874.jpg,3
10001234.jpg,3
20002398.jpg,5
10010085.jpg,0
20000415.jpg,4
20002884.jpg,5
10008446.jpg,2
10010406.jpg,4
10009730.jpg,5
10000158.jpg,4
20006420.jpg,5
20000176.jpg,3
10002915.jpg,5
10007959.jpg,4
10008857.jpg,3
10010920.jpg,1
20001177.jpg,2
20000236.jpg,5
20002135.jpg,5
10001143.jpg,5
20002334.jpg,4
10006178.jpg,4
20004502.jpg,5
10009579.jpg,4
20000284.jpg,4
20000465.jpg,5
20007091.jpg,5
10010744.jpg,2
20003336.jpg,4
20003554.jpg,1
20001106.jpg,5
20001711.jpg,4
20002962.jpg,5
20004862.jpg,3
10002911.jpg,5
10007039.jpg,5
10003196.jpg,5
20001601.jpg,3
10003339.jpg,3
20004265.jpg,4
20005428.jpg,5
10003163.jpg,4
10006670.jpg,2
20004417.jpg,4
20006979.jpg,4
20006020.jpg,4
20003770.jpg,4
20004061.jpg,2
20001178.jpg,5
20000680.jpg,4
10005790.jpg,4
10007680.jpg,5
20006300.jpg,4
20004594.jpg,4
10004733.jpg,4
10001844.jpg,4
20003992.jpg,5
10008263.jpg,5
20002167.jpg,5
10009188.jpg,4
10008921.jpg,3
20001613.jpg,4
20005555.jpg,5
20003450.jpg,5
20002491.jpg,3
20006717.jpg,3
20000466.jpg,4
20006996.jpg,5
10012319.jpg,5
10006741.jpg,4
10008172.jpg,5
10011478.jpg,4
10004317.jpg,5
20003594.jpg,4
10004532.jpg,3
20000396.jpg,5
20004189.jpg,4
20006257.jpg,5
10007128.jpg,5
10008945.jpg,2
10011779.jpg,4
20000613.jpg,5
10000386.jpg,3
20005383.jpg,4
10007289.jpg,3
20005202.jpg,5
10004746.jpg,4
20004121.jpg,5
10011098.jpg,5
10003550.jpg,4
10009795.jpg,5
10004850.jpg,5
20002305.jpg,4
10000344.jpg,5
10002323.jpg,4
20004771.jpg,3
20004477.jpg,4
10004249.jpg,4
20005593.jpg,2
10005404.jpg,3
20001306.jpg,3
10000737.jpg,4
10011423.jpg,5
20000044.jpg,4
10008507.jpg,5
10010264.jpg,5
10003814.jpg,5
10008806.jpg,4
10011479.jpg,5
20004048.jpg,5
20007089.jpg,5
10001770.jpg,5
10002971.jpg,5
10008604.jpg,3
10003752.jpg,4
20005954.jpg,5
20002146.jpg,4
10004183.jpg,5
20002778.jpg,5
20001016.jpg,3
20001586.jpg,5
10005163.jpg,4
10009123.jpg,3
20003490.jpg,4
10007389.jpg,5
20005433.jpg,2
20005580.jpg,2
20001439.jpg,4
20006681.jpg,2
10011800.jpg,4
20001211.jpg,4
10010544.jpg,4
20006697.jpg,5
10012206.jpg,5
10002170.jpg,4
10003610.jpg,5
20003469.jpg,2
20004485.jpg,5
20002565.jpg,3
20004972.jpg,2
10010769.jpg,4
10001257.jpg,1
10006265.jpg,3
10009029.jpg,5
10004821.jpg,5
20000014.jpg,5
20000156.jpg,4
20005457.jpg,5
20003747.jpg,3
20001520.jpg,5
20001237.jpg,4
10006248.jpg,4
20000036.jpg,4
10004729.jpg,5
10012275.jpg,5
10000670.jpg,4
10002676.jpg,5
10009439.jpg,5
20004403.jpg,5
10010775.jpg,2
20006454.jpg,5
20002026.jpg,4
10005070.jpg,4
20005753.jpg,4
10001117.jpg,3
20003236.jpg,4
20002751.jpg,4
10011248.jpg,3
20004758.jpg,5
10012029.jpg,4
20006150.jpg,5
20000868.jpg,5
10006468.jpg,5
20003738.jpg,3
20003932.jpg,4
10000248.jpg,2
10012085.jpg,4
10010096.jpg,5
10002307.jpg,4
10000570.jpg,3
10002945.jpg,4
10011926.jpg,3
10006955.jpg,5
20003286.jpg,4
10006799.jpg,3
20007038.jpg,4
20001119.jpg,5
10001636.jpg,3
10000041.jpg,3
20004110.jpg,5
10001286.jpg,3
20000137.jpg,4
20005553.jpg,3
20003806.jpg,5
20003384.jpg,4
20002789.jpg,2
10009374.jpg,4
10001447.jpg,5
10009679.jpg,2
10005493.jpg,3
10005206.jpg,4
20004557.jpg,5
20000391.jpg,5
20004907.jpg,4
20003948.jpg,4
20006055.jpg,3
20000513.jpg,4
10003328.jpg,4
10001930.jpg,4
10010445.jpg,4
10010278.jpg,5
10011538.jpg,2
20000745.jpg,5
10006995.jpg,5
10006020.jpg,3
10011291.jpg,4
20006680.jpg,4
10010771.jpg,3
20001067.jpg,5
10011397.jpg,5
20002191.jpg,5
10010183.jpg,5
10009311.jpg,4
10003353.jpg,4
20006444.jpg,5
20005843.jpg,5
20003825.jpg,3
10004543.jpg,4
20005359.jpg,5
20002079.jpg,2
10007529.jpg,5
20005538.jpg,5
10008107.jpg,5
10006721.jpg,5
20003968.jpg,4
20005478.jpg,5
20004009.jpg,1
20003933.jpg,3
20004345.jpg,3
10010248.jpg,5
20002173.jpg,3
10001517.jpg,4
20002866.jpg,3
10001720.jpg,3
10006672.jpg,5
10002599.jpg,5
20005473.jpg,5
10006742.jpg,5
10010765.jpg,4
10004714.jpg,5
10006300.jpg,5
10004665.jpg,5
10009829.jpg,4
20005616.jpg,5
20001481.jpg,4
20002724.jpg,4
10012286.jpg,5
20006408.jpg,5
20001689.jpg,5
10000130.jpg,4
10000488.jpg,4
10004393.jpg,5
20005822.jpg,5
10001352.jpg,4
20001510.jpg,4
10011678.jpg,3
10011968.jpg,4
20003716.jpg,4
10005987.jpg,4
10010579.jpg,4
20001722.jpg,2
10005997.jpg,3
20005501.jpg,4
10001699.jpg,4
20006633.jpg,5
20001063.jpg,5
20006099.jpg,4
20005295.jpg,4
10005110.jpg,2
20000053.jpg,5
10011508.jpg,5
20005372.jpg,4
20002264.jpg,5
20003791.jpg,5
20005903.jpg,2
20003501.jpg,4
10010489.jpg,3
20000834.jpg,5
10009058.jpg,5
10002528.jpg,5
10012271.jpg,4
10008242.jpg,3
10011740.jpg,4
20002244.jpg,4
20003088.jpg,4
10002965.jpg,3
10000771.jpg,4
20000816.jpg,4
10007774.jpg,4
10002133.jpg,4
20006939.jpg,4
10007432.jpg,5
20000725.jpg,5
20006352.jpg,5
20000536.jpg,4
20001337.jpg,5
20005506.jpg,4
20001259.jpg,5
10001015.jpg,3
10005587.jpg,4
20001025.jpg,4
20004376.jpg,5
20001808.jpg,5
10000969.jpg,3
10012292.jpg,3
20002223.jpg,4
20002537.jpg,4
10007574.jpg,5
10009226.jpg,0
10008053.jpg,4
20002122.jpg,3
10005238.jpg,3
10009142.jpg,4
10002638.jpg,5
20003981.jpg,3
20004495.jpg,4
10005231.jpg,4
20006930.jpg,3
20002748.jpg,4
10000281.jpg,5
10000526.jpg,4
20000637.jpg,3
10000021.jpg,4
20001462.jpg,3
10006684.jpg,5
10004062.jpg,4
20002885.jpg,3
10006458.jpg,4
20004923.jpg,4
10000056.jpg,5
10009225.jpg,4
20003946.jpg,5
20005874.jpg,5
20005458.jpg,5
20000877.jpg,5
20003486.jpg,4
10001557.jpg,4
10011774.jpg,3
20003959.jpg,5
20002813.jpg,4
20001131.jpg,5
10009034.jpg,4
10011954.jpg,5
20004124.jpg,2
20006829.jpg,4
10004386.jpg,5
10001454.jpg,4
20000735.jpg,2
20003737.jpg,5
10006531.jpg,5
10001094.jpg,3
10003049.jpg,4
20006200.jpg,5
10009135.jpg,1
10005799.jpg,3
10009879.jpg,5
20002265.jpg,5
10007475.jpg,4
10000400.jpg,2
10005879.jpg,5
20000488.jpg,5
10010216.jpg,2
10010409.jpg,4
10007135.jpg,5
10006608.jpg,4
20005896.jpg,4
10005649.jpg,5
20003525.jpg,5
20005174.jpg,4
10002891.jpg,2
20006998.jpg,4
10001255.jpg,4
10010295.jpg,4
10000192.jpg,3
20005170.jpg,5
20005662.jpg,3
10002924.jpg,5
20001479.jpg,4
10001628.jpg,5
10006188.jpg,4
10010751.jpg,5
20001814.jpg,2
20001871.jpg,5
20000404.jpg,5
20002542.jpg,5
10012407.jpg,5
20005156.jpg,1
20005027.jpg,5
20002009.jpg,3
20006638.jpg,5
20006788.jpg,5
10008969.jpg,3
10011266.jpg,5
20004460.jpg,5
20004095.jpg,5
20005850.jpg,4
20004716.jpg,3
20001906.jpg,3
10007162.jpg,5
10011297.jpg,5
10004874.jpg,5
10002617.jpg,5
10009649.jpg,5
20005052.jpg,4
20001276.jpg,3
10004291.jpg,4
10003679.jpg,5
10001854.jpg,4
20002825.jpg,4
20005167.jpg,4
10012411.jpg,4
20006862.jpg,5
10005767.jpg,5
10003425.jpg,4
20000509.jpg,4
20000355.jpg,4
20000268.jpg,3
20006997.jpg,4
20004745.jpg,4
20000618.jpg,5
20001039.jpg,1
10004815.jpg,5
20000426.jpg,4
10003216.jpg,3
20001929.jpg,5
20007077.jpg,4
20006121.jpg,5
10010104.jpg,5
20005413.jpg,5
20004406.jpg,5
10007724.jpg,3
10002069.jpg,3
20005879.jpg,5
20005587.jpg,5
20000907.jpg,5
20003810.jpg,4
20004605.jpg,4
20005066.jpg,5
10003713.jpg,4
20005391.jpg,2
20000879.jpg,4
10009394.jpg,3
10009072.jpg,5
20006583.jpg,5
10009015.jpg,4
10000550.jpg,5
20006285.jpg,4
20001028.jpg,1
20001275.jpg,3
20006308.jpg,2
10002720.jpg,4
10002317.jpg,5
10003014.jpg,3
20005006.jpg,5
10012310.jpg,5
10010903.jpg,1
10002097.jpg,3
20002366.jpg,4
20005459.jpg,3
20007059.jpg,3
20005495.jpg,4
20005127.jpg,4
10011993.jpg,4
10001073.jpg,5
10012172.jpg,3
10008091.jpg,4
20006676.jpg,5
20006803.jpg,4
10011273.jpg,5
20002199.jpg,5
10007436.jpg,4
10002264.jpg,4
20006385.jpg,3
10000053.jpg,3
10006410.jpg,4
10009759.jpg,4
10003270.jpg,3
20003413.jpg,4
10001999.jpg,5
20004023.jpg,5
20004425.jpg,5
20005997.jpg,4
20000884.jpg,5
20004636.jpg,4
10000754.jpg,4
10001235.jpg,5
20004223.jpg,5
20005384.jpg,5
10000804.jpg,5
10007770.jpg,4
10011284.jpg,5
10007582.jpg,5
10000616.jpg,5
10005580.jpg,4
20002188.jpg,4
20003979.jpg,3
20006867.jpg,3
10006488.jpg,2
20006092.jpg,5
10008100.jpg,4
20004724.jpg,4
10001258.jpg,5
20005870.jpg,5
10003055.jpg,5
10011490.jpg,1
10003247.jpg,5
20003639.jpg,5
20000373.jpg,4
20001659.jpg,3
10001158.jpg,5
20006561.jpg,5
10007458.jpg,5
10008639.jpg,4
20000938.jpg,4
20000743.jpg,5
20002042.jpg,4
20004156.jpg,5
10010433.jpg,4
10009250.jpg,3
10000485.jpg,4
10010132.jpg,4
20004556.jpg,4
10011016.jpg,4
10003386.jpg,4
10008658.jpg,3
10000517.jpg,3
10010697.jpg,4
10001903.jpg,5
20000372.jpg,5
20006911.jpg,4
20003764.jpg,3
10001404.jpg,4
10000235.jpg,5
10004591.jpg,4
20001023.jpg,3
10012083.jpg,3
10000349.jpg,5
20003212.jpg,3
10011788.jpg,5
10006470.jpg,3
10011888.jpg,3
20000788.jpg,4
20006148.jpg,4
20004679.jpg,4
10003201.jpg,2
10007345.jpg,4
10011323.jpg,5
10007136.jpg,4
20004011.jpg,5
10004768.jpg,4
20004781.jpg,4
20003308.jpg,5
10004334.jpg,5
10007805.jpg,5
10000752.jpg,4
10005410.jpg,4
20003002.jpg,5
10009343.jpg,4
20005057.jpg,5
20001574.jpg,3
10005065.jpg,2
20001748.jpg,4
10001847.jpg,5
10000789.jpg,5
20005544.jpg,4
10002230.jpg,4
20001075.jpg,5
10010554.jpg,5
10010249.jpg,4
20004232.jpg,5
10006620.jpg,4
20002008.jpg,4
10012223.jpg,4
10002109.jpg,5
10007931.jpg,3
10007715.jpg,4
20001576.jpg,5
10010803.jpg,5
10008050.jpg,3
10011176.jpg,5
10012128.jpg,5
20004080.jpg,5
10001469.jpg,5
20006412.jpg,5
20006893.jpg,4
10004582.jpg,5
10005763.jpg,2
10007122.jpg,3
10009669.jpg,5
10011024.jpg,5
10010805.jpg,2
20006216.jpg,5
10010738.jpg,4
10007761.jpg,5
20000677.jpg,4
20002608.jpg,3
20006562.jpg,5
10010901.jpg,3
20004574.jpg,5
20006757.jpg,4
10007405.jpg,4
10005400.jpg,5
10001253.jpg,4
20000294.jpg,3
10002610.jpg,5
20006119.jpg,5
20001347.jpg,3
20005192.jpg,3
10005473.jpg,4
20000462.jpg,4
10002474.jpg,5
20005071.jpg,3
10003104.jpg,3
10003544.jpg,5
20005485.jpg,5
20007020.jpg,2
10003714.jpg,5
20002340.jpg,4
20003990.jpg,3
20004766.jpg,3
10007961.jpg,5
20000255.jpg,3
20003886.jpg,4
20005980.jpg,4
20003471.jpg,5
10001869.jpg,4
10002410.jpg,4
10009815.jpg,5
10009552.jpg,3
10012152.jpg,4
10005226.jpg,1
10006444.jpg,4
20006584.jpg,4
20003239.jpg,3
20000190.jpg,4
10005776.jpg,5
10003315.jpg,4
10010031.jpg,5
20001011.jpg,4
10005052.jpg,4
20001540.jpg,5
10004739.jpg,5
10001515.jpg,5
10009336.jpg,5
20006223.jpg,5
10000466.jpg,1
20000760.jpg,5
10009372.jpg,4
20004782.jpg,5
10002426.jpg,4
20006940.jpg,4
10000883.jpg,5
10003812.jpg,4
20004057.jpg,4
20005093.jpg,4
10010061.jpg,4
10000036.jpg,4
20000202.jpg,4
10000522.jpg,5
20005138.jpg,4
10009354.jpg,3
20002791.jpg,5
10003276.jpg,3
20000920.jpg,4
20004278.jpg,5
10002893.jpg,5
10011974.jpg,5
20003195.jpg,4
10011521.jpg,5
10008158.jpg,3
10005642.jpg,4
20005801.jpg,5
20003617.jpg,5
20005256.jpg,4
10006347.jpg,4
10011940.jpg,1
20000063.jpg,4
20003870.jpg,5
20005631.jpg,5
20001902.jpg,4
20000956.jpg,3
20004695.jpg,4
10008700.jpg,1
10011078.jpg,4
20006936.jpg,5
10008588.jpg,5
20001888.jpg,4
20003645.jpg,5
20001763.jpg,5
10010303.jpg,4
10011718.jpg,5
10007469.jpg,3
10005395.jpg,4
10010588.jpg,5
10007914.jpg,5
20001082.jpg,5
20001298.jpg,4
20001938.jpg,4
20004887.jpg,4
10001254.jpg,5
10005210.jpg,4
20005188.jpg,4
20003603.jpg,4
20004980.jpg,4
10000356.jpg,4
10012086.jpg,5
10005798.jpg,5
20003041.jpg,4
10007637.jpg,5
20004311.jpg,2
10001744.jpg,3
10009243.jpg,5
20000416.jpg,4
20000452.jpg,5
10009414.jpg,3
10008292.jpg,3
20001344.jpg,4
20001325.jpg,4
20000599.jpg,5
20003339.jpg,4
20006114.jpg,3
10010149.jpg,4
20004378.jpg,5
20000363.jpg,5
20003762.jpg,4
20001594.jpg,4
20003459.jpg,3
10007048.jpg,4
10010071.jpg,4
20001916.jpg,4
10012036.jpg,4
10009975.jpg,4
10011850.jpg,3
10011434.jpg,4
20003151.jpg,5
10008291.jpg,4
10005004.jpg,4
10004505.jpg,5
10000955.jpg,4
20006469.jpg,4
10000807.jpg,3
20006472.jpg,4
20004254.jpg,4
10004190.jpg,3
10003210.jpg,5
10002878.jpg,5
20006842.jpg,4
10008624.jpg,3
20006505.jpg,3
10002502.jpg,4
20003080.jpg,4
10003624.jpg,5
10007296.jpg,4
10007506.jpg,5
10006589.jpg,3
20000624.jpg,3
20002040.jpg,4
10001461.jpg,3
20006016.jpg,5
10009749.jpg,2
10009030.jpg,2
20005023.jpg,2
10004012.jpg,4
20002840.jpg,5
20000123.jpg,5
10004997.jpg,4
20000812.jpg,5
20006572.jpg,5
20001863.jpg,5
20003756.jpg,4
20000048.jpg,5
10000583.jpg,5
10011198.jpg,3
10009035.jpg,3
20006557.jpg,4
10008660.jpg,5
20001517.jpg,5
10000938.jpg,5
10001508.jpg,5
10007874.jpg,5
10010800.jpg,4
20005283.jpg,5
10004523.jpg,4
20000403.jpg,5
10000811.jpg,3
20006536.jpg,5
10009922.jpg,3
10011866.jpg,5
10012015.jpg,4
10011287.jpg,5
20003058.jpg,2
20001020.jpg,5
10006243.jpg,3
20006668.jpg,5
20000703.jpg,4
10005765.jpg,3
20004719.jpg,5
20005301.jpg,4
10012116.jpg,5
20001180.jpg,5
20002203.jpg,4
10000950.jpg,3
20005775.jpg,3
20001537.jpg,2
10002177.jpg,4
20006660.jpg,5
20001271.jpg,4
10003678.jpg,4
20003290.jpg,4
20005389.jpg,5
20003437.jpg,5
10003768.jpg,5
20006264.jpg,4
20000524.jpg,4
20005423.jpg,5
20004489.jpg,5
20004858.jpg,5
20000487.jpg,5
20004547.jpg,5
20000397.jpg,4
20006917.jpg,5
10001723.jpg,4
10006506.jpg,4
20000959.jpg,5
20005943.jpg,5
20003496.jpg,5
10000870.jpg,4
20003797.jpg,5
20005467.jpg,5
10001796.jpg,3
10007985.jpg,4
20006274.jpg,4
10005066.jpg,5
10001811.jpg,5
20001413.jpg,5
10011787.jpg,5
10003728.jpg,4
10001232.jpg,5
10011623.jpg,5
20003735.jpg,5
20001148.jpg,4
20001686.jpg,5
10008621.jpg,4
20002101.jpg,3
10001662.jpg,2
20002412.jpg,4
20003890.jpg,4
20005694.jpg,5
20003679.jpg,5
20001284.jpg,5
10002377.jpg,5
20002772.jpg,4
10006494.jpg,4
10010493.jpg,4
10009454.jpg,3
20003423.jpg,5
20004255.jpg,3
10008574.jpg,4
10006786.jpg,4
20006487.jpg,4
10010793.jpg,5
10005028.jpg,2
10003951.jpg,5
20002575.jpg,4
20004566.jpg,5
10010719.jpg,4
10001514.jpg,4
10000651.jpg,2
10010922.jpg,5
20002782.jpg,3
20003953.jpg,3
20003090.jpg,4
10004635.jpg,5
20000774.jpg,4
20004400.jpg,5
10011742.jpg,4
10000385.jpg,2
20005018.jpg,5
20005527.jpg,3
10000096.jpg,3
20004831.jpg,5
20003165.jpg,4
20004146.jpg,4
20006295.jpg,4
20002159.jpg,3
20004470.jpg,2
10006895.jpg,5
20000728.jpg,5
20003513.jpg,5
10003803.jpg,5
20000174.jpg,5
20007016.jpg,4
20000737.jpg,4
20003068.jpg,4
10002411.jpg,3
10000499.jpg,4
20006468.jpg,2
20002911.jpg,5
20002598.jpg,5
20001110.jpg,4
10003722.jpg,4
10008449.jpg,4
10005886.jpg,4
20001288.jpg,1
20000510.jpg,3
10009518.jpg,4
10007400.jpg,5
10007943.jpg,4
20004259.jpg,5
20002493.jpg,4
10012280.jpg,4
20000079.jpg,5
10005548.jpg,5
10000983.jpg,4
10010591.jpg,5
20001156.jpg,5
10011220.jpg,4
10000702.jpg,5
20006555.jpg,5
10009150.jpg,5
10004943.jpg,3
10000124.jpg,1
10004384.jpg,2
20002531.jpg,5
10008178.jpg,3
10008654.jpg,5
10000314.jpg,4
20002233.jpg,3
20006440.jpg,4
10012365.jpg,2
20003350.jpg,3
20004955.jpg,3
10004803.jpg,2
10001616.jpg,5
10000206.jpg,3
20000820.jpg,5
20004534.jpg,5
20003159.jpg,4
10007667.jpg,4
20006127.jpg,2
20001341.jpg,5
20000230.jpg,5
20003245.jpg,3
20006792.jpg,1
10010883.jpg,5
20002547.jpg,4
10007601.jpg,2
10005937.jpg,5
10004929.jpg,4
10006639.jpg,4
20001425.jpg,3
10010768.jpg,4
10008176.jpg,5
10012153.jpg,5
20002981.jpg,5
20001488.jpg,5
20006163.jpg,4
20006931.jpg,5
10012133.jpg,5
10004570.jpg,5
20003988.jpg,4
20004208.jpg,4
10005017.jpg,4
20004131.jpg,2
20006258.jpg,3
20006283.jpg,4
20005819.jpg,5
20001926.jpg,5
10007751.jpg,5
10002402.jpg,1
10003254.jpg,5
10000202.jpg,4
20001672.jpg,5
10005662.jpg,2
20002252.jpg,5
20006738.jpg,4
20000863.jpg,4
20001923.jpg,3
20003210.jpg,5
20002134.jpg,5
10008587.jpg,4
10006923.jpg,3
20000469.jpg,4
20001077.jpg,4
10010558.jpg,4
20003333.jpg,4
10007892.jpg,5
10005538.jpg,4
20006351.jpg,3
10005721.jpg,4
20001314.jpg,5
20002449.jpg,5
10011526.jpg,3
20006567.jpg,4
20001735.jpg,4
20002225.jpg,3
10007451.jpg,5
20003380.jpg,5
10007079.jpg,4
20003499.jpg,4
10006065.jpg,4
20003420.jpg,2
10011315.jpg,5
20005281.jpg,3
20005804.jpg,5
20005918.jpg,4
20005455.jpg,4
10007881.jpg,5
10003515.jpg,4
10003965.jpg,4
10001115.jpg,3
20006463.jpg,4
20004299.jpg,5
10006781.jpg,4
10006266.jpg,4
20000670.jpg,3
10009575.jpg,1
10006330.jpg,4
20002763.jpg,5
10005092.jpg,3
20000305.jpg,4
20004094.jpg,3
10000663.jpg,5
10009717.jpg,3
10006244.jpg,5
20006383.jpg,4
20007015.jpg,4
10006934.jpg,3
10012282.jpg,5
10011366.jpg,3
20001417.jpg,3
10002688.jpg,1
20005432.jpg,4
10002734.jpg,4
20006197.jpg,4
20006835.jpg,4
10000138.jpg,5
20001444.jpg,5
20006920.jpg,3
20001484.jpg,5
10007091.jpg,2
20004689.jpg,4
20001642.jpg,5
20005021.jpg,4
20004845.jpg,3
20005442.jpg,4
20005978.jpg,5
20005877.jpg,4
10008439.jpg,4
10010259.jpg,5
20000125.jpg,4
10004738.jpg,4
20003611.jpg,4
